ID	dysbiosis
CSM7KOOR	NA
HSM5MD7O	NA
HSM6XRS8	NA
HSM7J4LP	NA
HSM7J4QJ	NA
HSMA33MI	NA
PSM7J177	NA
PSM7J17F	NA
PSMA266C	NA
CSM5FZ4M	False
CSM5MCUO	False
CSM5MCVL	True
CSM5MCVN	True
CSM5MCW6	True
CSM5MCWC	True
CSM5MCWE	True
CSM5MCWG	True
CSM5MCWQ	False
CSM5MCX3	False
CSM5MCXD	False
CSM5MCXH	False
CSM5MCXJ	False
CSM5MCXL	False
CSM5MCXN	False
CSM5MCXP	False
CSM5MCXR	False
CSM5MCXT	False
CSM5MCXV	False
CSM5MCY2	False
CSM5MCY4	False
CSM5MCY8	False
CSM5MCYS	True
CSM5MCYW	True
CSM5MCZ3	True
CSM5MCZ5	True
CSM5MCZ7	True
CSM5MCZB	False
CSM5MCZD	False
CSM5MCZF	False
CSM67U9B	False
CSM67U9D	False
CSM67U9H	True
CSM67U9J	False
CSM67U9N	False
CSM67UA2	False
CSM67UAA	True
CSM67UAG	True
CSM67UAK	False
CSM67UAM	True
CSM67UAO	False
CSM67UAQ	False
CSM67UAS	False
CSM67UAU	False
CSM67UAW	False
CSM67UAY	False
CSM67UB1	False
CSM67UB3	False
CSM67UB9	False
CSM67UBB	False
CSM67UBF	True
CSM67UBH	True
CSM67UBN	True
CSM67UBR	True
CSM67UBX	False
CSM67UBZ	False
CSM67UC6	False
CSM67UCK	False
CSM67UDF	False
CSM67UDJ	False
CSM67UDN	False
CSM67UDR	False
CSM67UDR_TR	False
CSM67UDY	False
CSM67UE3	False
CSM67UE7	False
CSM67UEA	False
CSM67UEI	False
CSM67UEM	False
CSM67UEW	False
CSM67UEW_TR	False
CSM67UF1	False
CSM67UF5	False
CSM67UFV	False
CSM67UFZ	False
CSM67UG8	False
CSM67UGC	True
CSM67UGO	False
CSM67UH7	False
CSM79HG5	True
CSM79HGF	False
CSM79HGP	True
CSM79HGX	False
CSM79HGZ	False
CSM79HH4	False
CSM79HH8	False
CSM79HHA	True
CSM79HHM	False
CSM79HHO	False
CSM79HHU	False
CSM79HHW	False
CSM79HI3	True
CSM79HI7	True
CSM79HIB	True
CSM79HID	False
CSM79HIF	True
CSM79HIH	False
CSM79HIJ	False
CSM79HIL	True
CSM79HIN	False
CSM79HIR	False
CSM79HIT	False
CSM79HIV	False
CSM79HIX	False
CSM79HIZ	False
CSM79HJA	False
CSM79HJM	False
CSM79HJO	False
CSM79HJS	False
CSM79HJU	False
CSM79HJW	True
CSM79HJY	True
CSM79HK9	False
CSM79HKB	False
CSM79HKT	True
CSM79HKV	True
CSM79HKX	False
CSM79HKZ	False
CSM79HL4	False
CSM79HL6	False
CSM79HLA	False
CSM79HLA_TR	False
CSM79HLC	False
CSM79HLE	False
CSM79HLG	False
CSM79HLI	False
CSM79HLK	False
CSM79HLM	False
CSM79HM1	False
CSM79HM7	False
CSM79HMN	False
CSM79HMP	False
CSM79HMT	False
CSM79HN2	False
CSM79HN6	False
CSM79HNE	True
CSM79HNI	False
CSM79HNK	False
CSM79HNM	False
CSM79HNO	True
CSM79HNU	True
CSM79HNW	True
CSM79HO1	False
CSM79HOF	False
CSM79HOH	False
CSM79HOJ	False
CSM79HOL	False
CSM79HOT	False
CSM79HOV	False
CSM79HOX	False
CSM79HOZ	False
CSM79HP2	False
CSM79HP4	False
CSM79HP6	False
CSM79HPA	False
CSM79HPA_TR	False
CSM79HPC	False
CSM79HPK	True
CSM79HPS	False
CSM79HQ9	True
CSM79HQB	False
CSM79HQF	True
CSM79HQV	True
CSM79HQX	True
CSM79HQZ	False
CSM79HR2	True
CSM79HR4	True
CSM79HR6	False
CSM79HR8	False
CSM79HRC	False
CSM79HRE	False
CSM79HRG	False
CSM7KOJE	True
CSM7KOJG	True
CSM7KOJO	True
CSM7KOJQ	False
CSM7KOJS	True
CSM7KOJU	True
CSM7KOJW	False
CSM7KOJY	False
CSM7KOK1	False
CSM7KOK5	False
CSM7KOK7	False
CSM7KOKB	False
CSM7KOKD	False
CSM7KOKF	False
CSM7KOKJ	False
CSM7KOKN	False
CSM7KOKR	False
CSM7KOKT	False
CSM7KOKZ	False
CSM7KOL2	False
CSM7KOL4	False
CSM7KOLA	False
CSM7KOLE	False
CSM7KOLK	False
CSM7KOLM	False
CSM7KOLY	False
CSM7KOMB	False
CSM7KOMH	True
CSM7KOMP	False
CSM7KOMT	False
CSM7KOMX	False
CSM7KOMZ	False
CSM7KON2	False
CSM7KON8	False
CSM7KONA	False
CSM7KONK	False
CSM7KOO5	False
CSM7KOO9	False
CSM7KOOD	False
CSM7KOOF	False
CSM7KOOH	False
CSM7KOOJ	False
CSM7KOOL	False
CSM7KOON	False
CSM7KOOP	False
CSM7KOOT	True
CSM7KOOV	True
CSM7KOOX	True
CSM7KOOZ	True
CSM7KOP2	True
CSM7KOP6	False
CSM7KOP8	False
CSM7KOPE	False
CSM7KOPG	False
CSM7KOPI	False
CSM7KOPK	False
CSM7KOPM	False
CSM7KOPO	False
CSM7KOPS	False
CSM7KOPU	False
CSM7KOPW	False
CSM7KOQ1	False
CSM7KOQX	False
CSM7KOR2	False
CSM7KORC	False
CSM7KORG	False
CSM7KORI	False
CSM7KORK	False
CSM7KORM	False
CSM7KORO	False
CSM7KORS	False
CSM7KORU	False
CSM7KOS7	False
CSM7KOSH	False
CSM7KOSJ	True
CSM7KOSL	True
CSM7KOSP	True
CSM7KOST	True
CSM7KOSV	False
CSM7KOSX	False
CSM7KOTA	True
CSM7KOTC	False
CSM7KOTK	False
CSM7KOTO	False
CSM7KOTQ	False
CSM7KOTS	False
CSM7KOTU	False
CSM7KOU9	False
CSM7KOUB	False
CSM7KOUL	False
CSM7KOUN	False
CSM9X1XU	False
CSM9X1Y3	False
CSM9X1Y5	False
CSM9X1YV	False
CSM9X1Z4	False
CSM9X1ZC	False
CSM9X1ZO	False
CSM9X1ZQ	False
CSM9X1ZY	False
CSM9X211	False
CSM9X213	False
CSM9X215	False
CSM9X219	False
CSM9X21J	False
CSM9X21L	False
CSM9X21N	False
CSM9X21R	False
CSM9X21T	False
CSM9X222	False
CSM9X22G	False
CSM9X22I	False
CSM9X22K	False
CSM9X22S	False
CSM9X22U	False
CSM9X233	False
CSM9X235	False
CSM9X237	False
CSM9X23B	False
CSM9X23H	False
CSM9X23N	False
CSMA88CB	True
CSMA8M9R	False
CSMA9J65	True
CSMAAEUA	False
CSMACTZP	True
CSMAE44D	False
CSMAF72L	True
CSMAG78W	False
CSMAH393	True
CSMAHYLR	False
CSMAIG7X	True
ESM5GEXY	False
ESM5ME9U	False
ESM5MEB7	False
ESM5MEBE	False
ESM5MEBG	False
ESM5MEBI	False
ESM5MEBS	False
ESM5MEBU	False
ESM5MEC3	False
ESM5MEC5	False
ESM5MEC9	False
ESM5MECL	False
ESM5MECQ	False
ESM5MED2	False
ESM5MEDD	False
ESM5MEDF	False
ESM5MEDK	False
ESM5MEDN	False
ESM5MEDU	False
ESM718SY	False
ESM718T7	False
ESM718T9	False
ESM718TF	False
ESM718TK	True
ESM718TM	False
ESM718UH	False
ESM718V4	True
ESM718V8	False
ESM7F5AK	False
ESM7F5AM	False
ESM7F5C5	False
ESM7F5C7	False
ESM7F5CB	False
ESM7F5CD	False
ESM7F5CF	False
ESM9IEP1	False
HSM5FZBZ	True
HSM5MD3Y	False
HSM5MD41	False
HSM5MD43	False
HSM5MD48	False
HSM5MD4N	False
HSM5MD4O	False
HSM5MD4Y	True
HSM5MD53	False
HSM5MD5B	False
HSM5MD5D	False
HSM5MD5P	False
HSM5MD62	False
HSM5MD66	False
HSM5MD6A	False
HSM5MD6A_TR	False
HSM5MD6C	False
HSM5MD6I	False
HSM5MD6K	False
HSM5MD6M	False
HSM5MD6Q	False
HSM5MD6W	False
HSM5MD6Y	False
HSM5MD71	False
HSM5MD73	False
HSM5MD79	False
HSM5MD7J	True
HSM5MD7K	False
HSM5MD7Q	True
HSM5MD7S	True
HSM5MD7U	False
HSM67VCZ	True
HSM67VD2	False
HSM67VD4	True
HSM67VD6	False
HSM67VDP	True
HSM67VDT	False
HSM67VDZ	True
HSM67VE4	True
HSM67VEC	True
HSM67VEE	False
HSM67VEG	False
HSM67VEI	False
HSM67VEK	False
HSM67VEM	False
HSM67VEM_TR	False
HSM67VEO	False
HSM67VEQ	False
HSM67VES	False
HSM67VEU	False
HSM67VEW	False
HSM67VF3	True
HSM67VF9	True
HSM67VFD	True
HSM67VFF	True
HSM67VFH	True
HSM67VFJ	True
HSM67VFR	True
HSM67VFX	False
HSM67VFZ	False
HSM67VG8	False
HSM67VGA	False
HSM67VGC	False
HSM67VGG	False
HSM67VGK	False
HSM67VGK_TR	False
HSM67VGY	False
HSM67VH1	False
HSM67VHB	False
HSM67VHD	False
HSM67VHF	False
HSM67VHH	False
HSM67VHJ	False
HSM67VHK	True
HSM67VHQ	False
HSM67VHS	False
HSM67VHW	False
HSM67VI1	False
HSM67VI3	False
HSM67VI5	False
HSM67VI7	False
HSM67VI9	False
HSM67VIB	False
HSM67VID	False
HSM67VIF	False
HSM67VIL	True
HSM6XRQ8	False
HSM6XRQB	False
HSM6XRQI	False
HSM6XRQK	False
HSM6XRQM	False
HSM6XRQO	False
HSM6XRQS	True
HSM6XRQU	True
HSM6XRQW	True
HSM6XRQY	True
HSM6XRR3	True
HSM6XRR5	False
HSM6XRR7	False
HSM6XRRB	True
HSM6XRRD	False
HSM6XRRJ	True
HSM6XRRV	False
HSM6XRS2	False
HSM6XRS4	True
HSM6XRS6	True
HSM6XRSE	True
HSM6XRSG	True
HSM6XRSI	True
HSM6XRSN	False
HSM6XRST	False
HSM6XRSX	False
HSM6XRT8	False
HSM6XRTG	False
HSM6XRTM	False
HSM6XRTO	False
HSM6XRTQ	False
HSM6XRTS	False
HSM6XRUL	False
HSM6XRUN	False
HSM6XRUR	True
HSM6XRUV	False
HSM6XRUX	False
HSM6XRUZ	False
HSM6XRV2	False
HSM6XRV4	False
HSM6XRV6	False
HSM6XRV8	False
HSM6XRVA	False
HSM6XRVC	False
HSM6XRVC_TR	False
HSM6XRVK	False
HSM6XRVM	False
HSM6XRVO	False
HSM6XRVU	False
HSM6XRVW	False
HSM7CYX2	True
HSM7CYX4	False
HSM7CYX6	False
HSM7CYX8	False
HSM7CYXA	False
HSM7CYXC	False
HSM7CYXE	False
HSM7CYXG	False
HSM7CYXI	False
HSM7CYXO	False
HSM7CYXQ	False
HSM7CYXS	False
HSM7CYY3	True
HSM7CYY5	False
HSM7CYY7	True
HSM7CYY9	False
HSM7CYYB	True
HSM7CYYD	True
HSM7CYYF	True
HSM7CYYH	True
HSM7CYYP	True
HSM7CYZ5	True
HSM7CYZ7	True
HSM7CYZ9	True
HSM7CYZB	False
HSM7CYZD	False
HSM7CYZF	False
HSM7CYZJ	False
HSM7CYZL	False
HSM7CYZR	False
HSM7CYZT	True
HSM7CYZV	True
HSM7CZ14	True
HSM7CZ16	False
HSM7CZ18	False
HSM7CZ1A	False
HSM7CZ1C	False
HSM7CZ1E	True
HSM7CZ1G	False
HSM7CZ1V	False
HSM7CZ1Z	False
HSM7CZ22	False
HSM7CZ24	False
HSM7CZ26	False
HSM7CZ28	False
HSM7CZ2A	False
HSM7CZ2E	False
HSM7CZ2H	False
HSM7CZ2Z	False
HSM7CZ32	True
HSM7CZ36	True
HSM7CZ38	True
HSM7CZ3A	False
HSM7CZ3C	False
HSM7CZ3E	False
HSM7CZ3G	False
HSM7J4G1	False
HSM7J4G8	False
HSM7J4GD	False
HSM7J4GP	False
HSM7J4GR	False
HSM7J4HA	False
HSM7J4HC	False
HSM7J4HE	False
HSM7J4HG	False
HSM7J4HI	False
HSM7J4HK	False
HSM7J4HM	False
HSM7J4HO	False
HSM7J4HQ	False
HSM7J4HS	False
HSM7J4HU	False
HSM7J4HW	False
HSM7J4HY	False
HSM7J4I3	False
HSM7J4I5	False
HSM7J4I7	False
HSM7J4I9	False
HSM7J4IC	False
HSM7J4IO	False
HSM7J4IP	False
HSM7J4IQ	False
HSM7J4IR	False
HSM7J4IS	False
HSM7J4IU	False
HSM7J4IW	False
HSM7J4J7	False
HSM7J4J9	False
HSM7J4JD	False
HSM7J4JF	False
HSM7J4JH	True
HSM7J4JJ	False
HSM7J4JN	False
HSM7J4JP	False
HSM7J4JZ	False
HSM7J4K2	False
HSM7J4K6	False
HSM7J4K8	False
HSM7J4KC	True
HSM7J4KG	False
HSM7J4KI	False
HSM7J4KK	False
HSM7J4KM	False
HSM7J4KO	False
HSM7J4KQ	False
HSM7J4L5	True
HSM7J4L9	False
HSM7J4LD	True
HSM7J4LF	True
HSM7J4LN	False
HSM7J4M4	False
HSM7J4M6	False
HSM7J4M8	False
HSM7J4MA	False
HSM7J4MC	False
HSM7J4ME	False
HSM7J4MK	False
HSM7J4MS	False
HSM7J4MW	False
HSM7J4MY	False
HSM7J4N4	False
HSM7J4N6	False
HSM7J4N8	False
HSM7J4NA	False
HSM7J4NC	False
HSM7J4NE	False
HSM7J4NM	False
HSM7J4NO	True
HSM7J4NS	False
HSM7J4NU	False
HSM7J4NY	False
HSM7J4O1	False
HSM7J4O3	False
HSM7J4O5	False
HSM7J4O7	False
HSM7J4O9	False
HSM7J4OB	False
HSM7J4OE	False
HSM7J4OL	False
HSM7J4ON	False
HSM7J4OP	False
HSM7J4OT	True
HSM7J4OV	True
HSM7J4OX	True
HSM7J4OZ	False
HSM7J4P2	False
HSM7J4PA	False
HSM7J4PC	False
HSM7J4PE	False
HSM7J4PG	False
HSM7J4PI	False
HSM7J4PM	False
HSM7J4PO	False
HSM7J4PQ	False
HSM7J4PS	False
HSM7J4PU	False
HSM7J4PW	False
HSM7J4PY	False
HSM7J4Q1	False
HSM7J4Q7	False
HSM7J4Q9	False
HSM7J4QB	False
HSM7J4QF	False
HSM7J4QH	False
HSM7J4QL	False
HSM7J4QT	False
HSM7J4QZ	False
HSM7J4R2	False
HSM7J4RE	False
HSMA33IA	False
HSMA33IC	False
HSMA33IE	False
HSMA33IG	False
HSMA33IK	False
HSMA33IS	False
HSMA33J3	False
HSMA33J5	False
HSMA33J7	False
HSMA33J9	False
HSMA33JB	False
HSMA33JD	False
HSMA33JN	False
HSMA33JP	False
HSMA33JR	False
HSMA33KE	False
HSMA33KM	False
HSMA33KO	False
HSMA33KQ	False
HSMA33KS	True
HSMA33KU	False
HSMA33L1	False
HSMA33LB	False
HSMA33LH	False
HSMA33LH_TR	False
HSMA33LJ	False
HSMA33LP	False
HSMA33LX	False
HSMA33LZ	True
HSMA33M2	False
HSMA33M8	True
HSMA33MA	False
HSMA33MC	False
HSMA33ME	False
HSMA33MG	False
HSMA33MS	False
HSMA33MV	False
HSMA33MZ	True
HSMA33NA	False
HSMA33NC	False
HSMA33NO	True
HSMA33NQ	True
HSMA33NW	False
HSMA33NY	False
HSMA33O1	False
HSMA33O3	False
HSMA33OD	False
HSMA33OJ	False
HSMA33OL	True
HSMA33OR	False
HSMA33OT	False
HSMA33OV	False
HSMA33OX	False
HSMA33OZ	False
HSMA33P6	False
HSMA33PL	False
HSMA33PN	False
HSMA33PX	False
HSMA33PZ	False
HSMA33Q6	False
HSMA33QM	False
HSMA33QO	False
HSMA33QY	False
HSMA33R1	False
HSMA33R5	False
HSMA33R7	False
HSMA33R9	False
HSMA33RD	False
HSMA33RF	False
HSMA33RR	False
HSMA33RT	False
HSMA33RX	False
HSMA33RX_TR	False
HSMA33S4	False
HSMA33SE	False
HSMA33SG	False
HSMA33SI	False
HSMA33SK	False
MSM5LLDA	False
MSM5LLDC	False
MSM5LLDE	False
MSM5LLDI	False
MSM5LLDK	False
MSM5LLDM	False
MSM5LLDQ	False
MSM5LLDS	False
MSM5LLEP	False
MSM5LLER	False
MSM5LLF4	True
MSM5LLF6	True
MSM5LLF8	True
MSM5LLGL	False
MSM5LLHC	False
MSM6J2HD	True
MSM6J2HF	False
MSM6J2HH	False
MSM6J2HJ	False
MSM6J2HL	False
MSM6J2HN	False
MSM6J2HP	False
MSM6J2HR	False
MSM6J2HT	False
MSM6J2IE	False
MSM6J2IG	False
MSM6J2II	False
MSM6J2IK	False
MSM6J2IM	False
MSM6J2IO	False
MSM6J2IQ	False
MSM6J2IY	False
MSM6J2J1	False
MSM6J2J3	False
MSM6J2J5	False
MSM6J2JB	False
MSM6J2JD	False
MSM6J2JN	False
MSM6J2JP	False
MSM6J2JR	False
MSM6J2JT	False
MSM6J2JZ	False
MSM6J2K2	False
MSM6J2K4	False
MSM6J2K6	False
MSM6J2K8	False
MSM6J2KA	False
MSM6J2KC	False
MSM6J2KE	False
MSM6J2KM	False
MSM6J2LB	False
MSM6J2LH	True
MSM6J2LJ	True
MSM6J2LL	True
MSM6J2LN	False
MSM6J2LR	True
MSM6J2LT	False
MSM6J2LV	False
MSM6J2LW	False
MSM6J2LY	False
MSM6J2M3	False
MSM6J2MB	True
MSM6J2MD	True
MSM6J2MF	True
MSM6J2MH	False
MSM6J2MJ	False
MSM6J2ML	True
MSM6J2OH	False
MSM6J2OJ	False
MSM6J2OL	True
MSM6J2ON	False
MSM6J2OP	False
MSM6J2PK	False
MSM6J2PM	False
MSM6J2PO	False
MSM6J2PS	False
MSM6J2PU	False
MSM6J2PW	False
MSM6J2Q1	False
MSM6J2Q3	False
MSM6J2Q5	False
MSM6J2Q7	False
MSM6J2Q9	True
MSM6J2QB	False
MSM6J2QD	False
MSM6J2QF	False
MSM6J2QH	False
MSM6J2QJ	False
MSM6J2QL	False
MSM6J2QP	False
MSM6J2QR	False
MSM6J2R2	False
MSM6J2R8	False
MSM6J2RA	False
MSM6J2RC	False
MSM6J2RK	False
MSM6J2RM	False
MSM6J2RO	False
MSM6J2RQ	False
MSM6J2RS	True
MSM6J2RU	False
MSM6J2SE	False
MSM6J2SI	False
MSM6J2SK	False
MSM79H54	False
MSM79H58	False
MSM79H5A	False
MSM79H5E	False
MSM79H5G	False
MSM79H5K	False
MSM79H5M	False
MSM79H5Q	False
MSM79H5S	False
MSM79H5U	False
MSM79H5Y	False
MSM79H63	False
MSM79H65	False
MSM79H67	False
MSM79H69	False
MSM79H6B	False
MSM79H6D	False
MSM79H6F	False
MSM79H6H	False
MSM79H6J	False
MSM79H6L	False
MSM79H6N	False
MSM79H6Y	False
MSM79H7C	False
MSM79H7E	False
MSM79H7G	False
MSM79H7M	False
MSM79H7O	False
MSM79H7Q	False
MSM79H7W	False
MSM79H7Y	False
MSM79H81	False
MSM79H83	False
MSM79H85	False
MSM79H87	True
MSM79H89	False
MSM79H8B	False
MSM79H8D	False
MSM79H8F	False
MSM79H8H	False
MSM79H8L	False
MSM79H8N	False
MSM79H98	False
MSM79H9A	False
MSM79H9C	False
MSM79H9G	False
MSM79H9K	False
MSM79H9M	False
MSM79H9Q	False
MSM79H9W	False
MSM79H9Y	False
MSM79HA1	False
MSM79HA3	False
MSM79HA7	False
MSM79HAH	False
MSM79HAJ	False
MSM79HAL	False
MSM79HAN	False
MSM79HAR	False
MSM79HAT	False
MSM79HB6	False
MSM79HBB	False
MSM79HBL	False
MSM79HBN	True
MSM79HBP	False
MSM79HBR	True
MSM79HBT	True
MSM79HBV	True
MSM79HBZ	True
MSM79HC4	False
MSM79HC8	False
MSM79HCG	False
MSM79HCI	False
MSM79HCK	False
MSM79HCP	False
MSM79HCR	True
MSM79HDA	True
MSM79HDC	False
MSM79HDE	True
MSM79HDG	True
MSM79HDG_TR	True
MSM79HDI	False
MSM79HDK	False
MSM79HDM	False
MSM79HDO	False
MSM79HDQ	False
MSM79HDQ_TR	False
MSM79HDS	False
MSM79HDU	False
MSM79HEA	False
MSM79HES	False
MSM79HEU	False
MSM79HEW	False
MSM79HEY	False
MSM79HF3	False
MSM79HF5	False
MSM79HF7	False
MSM79HF9	False
MSM79HF9_TR	False
MSM79HFB	False
MSM79HFW	False
MSM79HFY	False
MSM7J16J	False
MSM7J16L	False
MSM7J16N	False
MSM7J16P	False
MSM7J16R	False
MSM9VZEK	False
MSM9VZEK_TR	False
MSM9VZEM	False
MSM9VZEO	False
MSM9VZEQ	False
MSM9VZES	False
MSM9VZEU	False
MSM9VZEW	False
MSM9VZEY	False
MSM9VZF1	False
MSM9VZF3	False
MSM9VZF5	False
MSM9VZF7	False
MSM9VZFF	False
MSM9VZFH	False
MSM9VZFL	False
MSM9VZFN	False
MSM9VZFR	False
MSM9VZFT	False
MSM9VZGO	False
MSM9VZGS	False
MSM9VZGU	False
MSM9VZGW	False
MSM9VZGY	False
MSM9VZH7	False
MSM9VZHB	True
MSM9VZHF	False
MSM9VZHJ	False
MSM9VZHL	False
MSM9VZHN	False
MSM9VZHP	False
MSM9VZHR	False
MSM9VZHT	False
MSM9VZHX	False
MSM9VZHZ	False
MSM9VZI2	False
MSM9VZI6	False
MSM9VZIM	True
MSM9VZIO	False
MSM9VZIQ	False
MSM9VZIS	True
MSM9VZIU	False
MSM9VZIW	True
MSM9VZIY	False
MSM9VZJ3	False
MSM9VZJB	False
MSM9VZJZ	False
MSM9VZKC	False
MSM9VZKE	False
MSM9VZKI	False
MSM9VZL5	False
MSM9VZL7	False
MSM9VZL9	False
MSM9VZLB	False
MSM9VZLD	False
MSM9VZLF	False
MSM9VZLH	False
MSM9VZLJ	False
MSM9VZLL	False
MSM9VZLN	False
MSM9VZLP	False
MSM9VZLR	False
MSM9VZLT	False
MSM9VZLV	False
MSM9VZMA	False
MSM9VZMA_TR	False
MSM9VZMC	False
MSM9VZME	False
MSM9VZMI	True
MSM9VZMM	False
MSM9VZMO	False
MSM9VZMS	False
MSM9VZMU	False
MSM9VZMW	False
MSM9VZNH	False
MSM9VZNH_TR	False
MSM9VZNL	False
MSM9VZNR	True
MSM9VZNX	True
MSM9VZNZ	True
MSM9VZO2	True
MSM9VZOG	False
MSM9VZOI	True
MSM9VZOK	False
MSM9VZOM	False
MSM9VZOO	False
MSM9VZOQ	False
MSM9VZOS	False
MSM9VZOU	False
MSM9VZOW	False
MSM9VZOY	False
MSM9VZP1	False
MSM9VZP3	True
MSM9VZPH	False
MSM9VZPL	False
MSM9VZPN	False
MSM9VZPT	False
MSMA267V	False
MSMA267X	False
MSMA2684	False
MSMA2688	False
MSMA26AL	False
MSMA26AN	False
MSMA26AP	False
MSMA26AR	False
MSMA26AT	False
MSMA26AV	False
MSMA26AX	False
MSMA26AZ	False
MSMA26AZ_TR	False
MSMA26BB	False
MSMA26BD	False
MSMA26BF	False
MSMA26BH	False
MSMA26BJ	False
MSMA26BL	False
MSMA26BN	False
MSMA26BR	False
MSMA26BT	False
MSMA26BV	False
MSMA26BX	False
MSMA26CV	False
MSMA26CX	False
MSMA26DG	False
MSMA26DI	False
MSMA26DK	False
MSMA26DM	False
MSMA26DO	False
MSMA26EJ	True
MSMA26EL	True
MSMA26EN	True
MSMA26ER	True
MSMA26ET	True
MSMA26EZ	False
MSMAPC55	False
MSMAPC57	True
MSMAPC59	False
MSMAPC5B	True
MSMAPC5D	False
MSMAPC5H	False
MSMAPC5L	False
MSMAPC5Z	False
MSMAPC64	False
MSMAPC66	False
MSMAPC6A	False
MSMAPC6C	False
MSMAPC6E	False
MSMAPC6G	False
MSMAPC6K	False
MSMAPC6M	False
MSMAPC6O	False
MSMAPC7J	False
MSMAPC7P	False
MSMAPC7R	False
MSMAPC7T	False
MSMB4LXS	False
MSMB4LXW	False
MSMB4LXY	False
MSMB4LYB	False
MSMB4LYH	False
MSMB4LZ4	False
MSMB4LZ8	False
MSMB4LZC	False
MSMB4LZK	False
MSMB4LZP	False
MSMB4LZR	True
MSMB4LZV	False
MSMB4LZX	False
MSMB4LZZ	False
PSM6XBQS	False
PSM6XBQU	False
PSM6XBQY	False
PSM6XBQY_TR	False
PSM6XBR1	False
PSM6XBRK	False
PSM6XBRK_TR	False
PSM6XBS4	False
PSM6XBS8	False
PSM6XBSA	False
PSM6XBSE	False
PSM6XBSI	False
PSM6XBSK	False
PSM6XBSM	False
PSM6XBSO	False
PSM6XBSS	False
PSM6XBSU	False
PSM6XBT1	False
PSM6XBT3	False
PSM6XBT5	False
PSM6XBT7	False
PSM6XBT9	True
PSM6XBTB	False
PSM6XBTL	False
PSM6XBTP	False
PSM6XBTR	False
PSM6XBTT	False
PSM6XBTX	False
PSM6XBU2	False
PSM6XBUG	False
PSM6XBUI	False
PSM6XBUK	False
PSM6XBUM	False
PSM6XBUO	False
PSM6XBUQ	False
PSM6XBV2	False
PSM6XBV4	False
PSM6XBVI	False
PSM6XBVK	False
PSM6XBVM	False
PSM6XBVO	False
PSM6XBVQ	False
PSM6XBVS	False
PSM6XBW3	True
PSM7J127	True
PSM7J12B	True
PSM7J12D	False
PSM7J12F	True
PSM7J12J	True
PSM7J12R	True
PSM7J12V	False
PSM7J12Z	False
PSM7J136	False
PSM7J13E	False
PSM7J13I	False
PSM7J13K	False
PSM7J13M	False
PSM7J13Q	False
PSM7J13Y	False
PSM7J141	True
PSM7J14L	True
PSM7J14N	False
PSM7J14P	False
PSM7J14R	False
PSM7J14T	False
PSM7J14X	False
PSM7J154	False
PSM7J156	False
PSM7J158	False
PSM7J15A	False
PSM7J15G	True
PSM7J15I	False
PSM7J15K	True
PSM7J15M	True
PSM7J15O	True
PSM7J15Q	False
PSM7J15S	False
PSM7J15U	False
PSM7J15W	False
PSM7J161	True
PSM7J163	True
PSM7J169	False
PSM7J16B	True
PSM7J16F	False
PSM7J16U	False
PSM7J16W	False
PSM7J16Y	False
PSM7J171	False
PSM7J173	False
PSM7J179	False
PSM7J17B	True
PSM7J17L	False
PSM7J17T	False
PSM7J17V	True
PSM7J17X	True
PSM7J17Z	True
PSM7J182	True
PSM7J184	True
PSM7J186	True
PSM7J18E	False
PSM7J18G	False
PSM7J18I	False
PSM7J18K	False
PSM7J18M	False
PSM7J18Q	False
PSM7J193	False
PSM7J199	False
PSM7J19B	False
PSM7J19F	False
PSM7J19H	False
PSM7J19J	False
PSM7J19N	False
PSM7J19P	False
PSM7J19R	False
PSM7J19T	False
PSM7J19Z	True
PSM7J1A2	True
PSM7J1A4	True
PSM7J1A6	True
PSM7J1A8	True
PSM7J1AM	False
PSM7J1AO	False
PSM7J1AQ	False
PSM7J1AS	False
PSM7J1AU	False
PSM7J1B7	False
PSM7J1B9	False
PSM7J1BB	False
PSM7J1BD	False
PSM7J1BF	False
PSM7J1BJ	True
PSM7J1BL	True
PSM7J1BP	True
PSM7J1BR	True
PSM7J1BV	False
PSM7J1BX	False
PSM7J1C4	False
PSM7J1C8	False
PSM7J1CC	False
PSM7J1CG	False
PSM7J1CI	False
PSM7J1CU	False
PSM7J1DF	False
PSM7J1DL	False
PSM7J4EF	False
PSMA263M	True
PSMA263S	True
PSMA263U	True
PSMA263W	True
PSMA264K	False
PSMA264O	False
PSMA264Q	False
PSMA264S	False
PSMA264U	False
PSMA264W	False
PSMA2653	False
PSMA2659	False
PSMA265B	False
PSMA265D	True
PSMA265F	True
PSMA265H	False
PSMA265J	False
PSMA265J_TR	False
PSMA265L	False
PSMA265N	False
PSMA265T	False
PSMA265X	False
PSMA2668	True
PSMA266I	False
PSMA266M	False
PSMA266O	False
PSMA266Q	False
PSMA266U	False
PSMA266Y	False
PSMA2671	False
PSMA2675	False
PSMA267D	False
PSMA267F	False
PSMA267H	False
PSMA267J	False
PSMA267P	False
PSMA267R	False
PSMA269G	False
PSMA269O	False
PSMA269S	False
PSMA269W	False
PSMA26A1	False
PSMA26A3	False
PSMB4MBI	False
PSMB4MBK	False
PSMB4MBS	False
PSMB4MC1	False
PSMB4MC3	False
PSMB4MC5	False
PSMB4MC7	False
MSM5FZ9N_P	True
CSM5FZ3N_P	False
CSM5FZ3R_P	False
MSM5FZA2_P	True
CSM5YRY7_P	True
MSM5LLI2_P	False
HSM5MEE5_P	False
CSM5FZ3V_P	False
MSM633FF_P	True
ESM5GEYX_P	False
HSM5FZBR_P	True
ESM5GEZ1_P	False
MSM5LLI8_P	False
CSM5FZ3X_P	True
CSM5FZ4A_P	False
MSM5LLGN_P	False
CSM5FZ4E_P	False
CSM5FZ3Z_P	True
ESM5GEZ4_P	False
HSM5MD7W_P	True
MSM5LLIM_P	False
CSM5MCVB_P	True
MSM5LLI4_P	False
CSM5MCVD_P	False
CSM5FZ42_P	True
ESM5GEZ6_P	False
MSM5LLE3_P	True
MSM5LLGR_P	False
HSM5MD8J_P	False
ESM5GEZA_P	False
MSM5LLE9_P	True
ESM5MEAB_P	False
CSM5MCVF_P	True
CSM5FZ44_P	True
CSM5MCUA_P	False
CSM5MCUS_P	False
HSM5MD5H_P	False
HSM5MD4W_P	True
HSM5MD7Z_P	False
MSM5LLGF_P	False
CSM5MCWK_P	False
HSM5MD4P_P	False
CSM5MCVZ_P	True
HSM5MD3L_P	False
HSM5MD47_P	False
MSM5LLD6_P	False
CSM5MCV5_P	False
ESM5MEA9_P	False
MSM5LLGJ_P	False
HSM5MD8F_P	False
HSM5MD8H_P	False
HSM5MD44_P	True
CSM5MCW4_P	True
CSM5MCXF_P	False
MSM6J2JH_P	False
ESM5MEDP_P	False
HSM5MD8D_P	False
CSM5MCYU_P	False
ESM5MEB9_P	False
HSM6XRQC_P	True
HSM5MD6O_P	False
CSM5MCXZ_P	False
HSM6XRT6_P	False
HSM6XRTA_P	False
HSM6XRQE_P	False
CSM67U9V_P	False
HSM6XRSZ_P	False
HSM6XRTC_P	False
HSM5MD6S_P	False
CSM67UB5_P	False
HSM67VCX_P	True
CSM5MCYQ_P	False
HSM67VDX_P	False
CSM67UB7_P	False
HSM6XRT4_P	False
CSM67UCU_P	False
CSM67U9P_P	False
CSM67UEP_P	False
HSM67VDR_P	False
CSM67U9R_P	False
CSM79HGR_P	False
CSM79HJ2_P	False
CSM79HJ4_P	False
MSM6J2PQ_P	False
CSM79HGH_P	False
MSM6J2N6_P	True
CSM67UET_P	False
PSM6XBRM_P	False
CSM79HG7_P	False
MSM79H52_P	False
PSM6XBSC_P	False
HSM67VG6_P	False
CSM79HJ6_P	False
HSM7CZ1T_P	False
PSM6XBVY_P	False
CSM79HNG_P	False
MSM79HF1_P	False
CSM7CZ2F_P	False
CSM79HQT_P	False
PSM6XBTH_P	False
PSM7J19X_P	True
HSM7CZ2L_P	False
CSM79HPQ_P	False
HSM7CYYV_P	False
CSM79HPM_P	False
HSM7CYYR_P	False
HSM7CZ2X_P	True
PSM6XBTZ_P	False
MSM79HBX_P	False
HSM7CZ2J_P	False
CSM79HM5_P	False
HSM7J4Q3_P	False
ESM718U9_P	True
MSM79HCN_P	False
CSM7KONS_P	True
PSM7J1BN_P	True
PSM7J1C2_P	True
PSM7J1CK_P	False
CSM7KOMR_P	False
CSM7KOKP_P	False
CSM79HQR_P	False
PSM7J13U_P	True
PSM7J1CS_P	False
CSM7KOQZ_P	False
CSM7KOMV_P	False
HSM7J4JT_P	False
CSM7KOQP_P	True
MSM9VZN4_P	False
HSM7J4JV_P	False
MSM9VZLX_P	False
HSMA33NG_P	False
HSMA33J1_P	False
HSM5MD49_P	False
HSM5MD8L_P	False
MSM5LLF2_P	True
HSM5MD5X_P	False
MSM6J2JF_P	False
CSM5MCWA_P	True
HSM5MD8B_P	False
HSM5MD6E_P	False
CSM5MCXB_P	False
HSM5MD5F_P	False
MSM9VZJJ_P	False
CSM5MCYI_P	False
CSM5MCXX_P	False
CSM5MCYM_P	False
CSM67U9T_P	False
CSM67U9X_P	False
CSM5MCYO_P	False
PSM6XBQM_P	False
HSM6XRTE_P	False
HSM5MD6U_P	False
HSM6XRT2_P	False
HSM67VG2_P	True
PSM6XBSG_P	False
MSM6J2RG_P	False
CSM79HGV_P	False
CSM79HGJ_P	False
ESM7F5AE_P	False
HSM67VGE_P	True
PSM6XBS2_P	False
CSM79HGD_P	False
CSM79HH2_P	False
CSM79HJI_P	False
HSM67VGI_P	False
CSM79HNY_P	False
CSM79HGL_P	False
CSM79HJ8_P	False
CSM79HGN_P	True
PSM6XBW1_P	False
PSM6XBTF_P	False
HSM7CYWS_P	False
CSM79HJC_P	False
HSM7CZ2V_P	False
ESM5MEC7_P	False
MSM79HD8_P	True
PSM6XBTN_P	False
CSM7KOKH_P	False
HSM67VIJ_P	False
PSM7J1B3_P	True
CSM79HM9_P	False
CSM7KOKL_P	False
MSM79HD6_P	False
CSM7KOU7_P	False
MSM79H9U_P	False
CSM7KONW_P	False
MSM9VZFJ_P	False
CSM7KOQ5_P	False
CSM7KOR4_P	False
CSM7KOR8_P	False
MSM79H94_P	True
CSM7KOUJ_P	False
MSM79H8J_P	False
HSMA33P2_P	False
PSMA2651_P	False
MSM9VZJF_P	False
PSM7J143_P	False
HSM5MD5B_P	False
HSM5MD5D_P	False
HSM5MD43_P	False
HSM5MD6I_P	False
HSM6XRSX_P	False
HSM6XRQB_P	True
HSM5MD6K_P	False
CSM67U9H_P	True
CSM67UAI_P	True
PSM6XBRK_P	False
HSM6XRTG_P	False
CSM67UB9_P	False
HSM67VDT_P	False
HSM67VGA_P	False
CSM79HGF_P	False
CSM79HHW_P	False
PSM6XBSE_P	False
CSM67UF1_P	False
MSM6J2M3_P	False
CSM67UEW_P	False
HSM67VFX_P	False
PSM6XBS4_P	False
PSM7J13Y_P	False
MSM5LLHR_P	False
MSM5FZ9X_P	True
MSM5LLHX_P	False
ESM5MEDZ_P	False
ESM5MEE2_P	False
MSM5LLIE_P	False
MSM5LLIQ_P	True
HSM5FZBQ_P	False
MSM5LLIC_P	False
MSM5ZOJY_P	True
MSM5LLHV_P	False
MSM5LLIG_P	False
CSM5FZ3T_P	True
ESM5GEYU_P	False
MSM5LLFG_P	False
MSM5LLFK_P	False
MSM5LLIS_P	True
ESM5MEE6_P	False
CSM5FZ4C_P	False
ESM5MEEJ_P	False
MSM5LLFM_P	False
MSM5LLI6_P	False
ESM5GEYY_P	False
ESM5GEZ3_P	False
CSM5LLGB_P	False
MSM5LLH2_P	False
HSM5FZBP_P	True
MSM5LLIK_P	False
CSM5MCTZ_P	False
MSM5LLFO_P	False
CSM5FZ4G_P	False
CSM5MCUQ_P	False
MSM5LLH4_P	False
ESM5MEBP_P	False
MSM5LLGH_P	False
HSM5MD4U_P	True
MSM5LLHG_P	False
CSM5MCUG_P	False
CSM5MCU8_P	False
ESM5GEYW_P	False
CSM5MCV1_P	True
CSM5MCVV_P	False
MSM5LLHQ_P	False
CSM5FZ4K_P	False
HSM5MD57_P	False
CSM5MCUK_P	False
MSM5LLFU_P	False
CSM5MCUC_P	False
CSM5FZ46_P	True
HSM5MD87_P	False
HSM5MD8P_P	False
ESM5ME9G_P	False
ESM5MEA7_P	False
HSM5MD4B_P	False
MSM5LLH8_P	True
MSM5LLGD_P	False
HSM5MD5K_P	True
CSM5MCU4_P	True
HSM5MD82_P	False
HSM5MD8A_P	False
MSM5LLHI_P	False
ESM5ME9D_P	False
ESM5ME9H_P	False
MSM5LLHO_P	False
CSM5MCWM_P	False
CSM5MCUY_P	False
CSM5MCUE_P	False
CSM5MCVJ_P	True
CSM5MCWI_P	True
MSM5LLHA_P	False
HSM5MD59_P	False
HSM5MD8N_P	False
CSM6J2H9_P	False
HSM5MD4A_P	False
CSM5MCUW_P	False
ESM5MEBA_P	False
HSM5FZC2_P	False
